{
  "bias" : 0.023814793852619857,
  "weights" : [
    0.84193821023629067,
    -0.59126036115098246,
    -0.0028973359195326258,
    0.0038142251672280397,
    0.031897650580551662,
    0.14884549686672729,
    -0.41480597787965817,
    1.0723672297910343,
    -0.4684627885548539,
    -0.10732718855055493,
    0.14721967180089887,
    0.051280631382801582,
    0.40903742615246513,
    0.33913386490795977,
    -0.47069127968502644,
    0.27008937154014723,
    -0.59545459505614851,
    -0.38951659682790862,
    -0.13371268904572059,
    0.37995091204822146,
    -0.49693750617241123,
    0.67266171628251969,
    -0.15803597656449686,
    -0.32788917161681536,
    -0.66385651881297514,
    -0.28521374120315079,
    -0.56393633330369575,
    0.57630055749383802,
    0.16324553753178198,
    0.28777682860433995,
    0.30587266688462122,
    0.83279689739083207,
    -0.91498882452075758,
    -0.72071640288221384,
    0.36760819986909538,
    -0.096692114289438386,
    0.057873636957945562,
    0.34781262481434261,
    0.19171723848007202,
    -0.42044093662356269,
    -0.12413343064898562,
    -0.069181707310239898,
    -0.44697741078684189,
    0.44748251038959813,
    0.34071676309702287,
    0.25173974753308992,
    -0.59893788669289871,
    -0.71041500046848338,
    0.78379028098601256,
    0.27983516216125898,
    -0.16818210684069426,
    0.38603090684656272,
    -0.63553773931630386,
    0.46135951692328736,
    0.0035662062645056948,
    -0.38625811131793697,
    -0.24067916632235414,
    0.75354298720057034,
    0.58830300827370452,
    0.035978669387146854,
    -0.10433034730111665,
    0.52807999332662203,
    0.83632285316947685,
    -0.30246928793343802,
    0.23312122024106302,
    0.96964661902494842,
    -0.7734302933321664,
    0.5900979729982716,
    -0.64502056616743109,
    -1.3210982760259335,
    -1.1550692640635531,
    -0.70186576879994489,
    -0.31643696280623479,
    0.0024943120255493693,
    -0.26650325790186918,
    0.75733653448859783,
    0.72683197278175793,
    0.3392668862860852,
    -1.1808659390561236,
    0.23169978006878467,
    0.23274898024334947,
    -0.67203189202213931,
    -0.76762706752622134,
    0.34480429574107524,
    1.4023577819751085,
    0.46000566555906802,
    -1.6837647249543968,
    -0.20327277939470056,
    1.1552016411600052,
    0.089325414586950661,
    1.0616004596674617,
    1.2382004413166805,
    0.17423948457261501,
    -0.73433597489978164,
    1.159371162582256,
    1.0373899739953494,
    -0.536931291444255,
    -0.698424039062994,
    -0.062064497359659743,
    0.45746808902799496,
    -0.24648363976333218,
    3.7903652983482979e-05,
    0.26733471213063259,
    -0.59024633173674734,
    -2.0238886509446958,
    -0.28557855152114942,
    0.47249986223570145,
    0.24244225608521,
    1.2852900396515863,
    -0.66383669733729156,
    -0.1558129293658401,
    1.3485887374240768,
    -0.83829319180374007,
    0.64786267668153785,
    -1.0001365251444241,
    -1.9688617574807497,
    0.32516280932897551,
    -0.24719532451146758,
    0.5944277154962434,
    -0.5421221134924199,
    0.28144296034080868,
    0.14325241421149063,
    -0.13487672918345317,
    0.52240197697694468,
    0.9884949990650892,
    -0.67999546506119313,
    -0.045512859545595426,
    -0.24517418436785682,
    -0.11467463552608535,
    -0.39153716785535558,
    -0.52013286075968246,
    0.0082303607624362764,
    0.680664559581731,
    -0.51182456217393435,
    -0.70779539765430977,
    1.3890441773318598,
    -0.11109285786041569,
    0.59108245311215635,
    -0.22139096332134386,
    0.09439619295636173,
    0.092250235431584796,
    -0.025378279922095487,
    0.32385949557545074,
    -0.17436714390815403,
    -0.41753371906801018,
    -0.93892789915486408,
    -0.46631662484946734,
    0.80096948105280807,
    -0.57161978383238887,
    0.4155019982182438,
    -0.39676648601225323,
    1.0472919409310995,
    0.016222473660789116,
    -1.0752347688863897,
    -0.33481215097158412,
    -0.93199081143848772,
    0.047331235524404311,
    -0.56597720817807173,
    -0.43152970470879987,
    0.37844502881233866,
    -0.46345915186606379,
    0.089418362080161781,
    -0.16045867088617216,
    0.13103569708919205,
    -0.18682544536503892,
    1.2036942705082603,
    0.3538675987056577,
    -0.69821396957505166,
    0.14209437661999888,
    -0.087060603468631301,
    -0.32270048094146664,
    0.41822208129017369,
    0.36224048200609071,
    -0.69750757966073251,
    0.95958952673093578,
    0.63967601989614731,
    0.28353368751588226,
    -0.66054281662371839,
    0.46500932637790265,
    -0.41601195262912993,
    0.33797832005337025,
    0.05032673681372573,
    -0.70683418578318424,
    0.54659160082239866,
    -0.60463028008692998,
    0.31858357562459078,
    -0.053038789321580161,
    0.23362251092056729,
    -0.97743461763292527,
    -0.23293946604349236,
    0.19539430402167823,
    -0.78302491081678727,
    0.15911920941850188,
    -0.75209032092233297,
    0.36349189332211362,
    -0.35913172673890897,
    -0.062848024022799542,
    0.52268368228039896,
    0.16190986303368973,
    -0.61116354248652027,
    0.22522400964794861,
    -0.36773409494001608,
    0.25420910571241784,
    0.30282864174766644,
    -0.65487244901465147,
    0.45236009866616061,
    0.52520625305221802,
    -0.12263665952763632,
    1.6334963662149631,
    0.047284983338938234,
    0.29326734037321228,
    0.22692170632375877,
    -0.3353302288229279,
    0.66013766190431555,
    0.28000166027891077,
    -0.57722408727065844,
    0.46955014791053484,
    -0.38700026290887168,
    0.28357708552640803,
    0.49889136809725082,
    -0.25965043730374426,
    0.1126255161495483,
    0.46250983490335179,
    0.43697526577380347,
    0.11252060605573966,
    -0.039688331738816689,
    -1.5437841318892247,
    -0.23501764888072976,
    0.36085701829728434,
    -0.067651297536203803,
    -0.38743522446398143,
    0.74842135668620668,
    -1.1318682477958057,
    -0.55138842662766208,
    -0.10826013574459509,
    0.88051855244925137,
    0.29200245169903011,
    0.19520141060520932,
    -0.37792346867781929,
    -0.1030489727065165,
    -0.11096520137317298,
    -0.59254492109813439,
    0.047246092411407432,
    -1.1345480597074928,
    -0.70517943848923625,
    -0.071916449675473948,
    0.30769761168594195,
    1.369127734883292,
    1.3238356696878819,
    0.061614012775926832,
    -0.25347328770338862,
    1.5531015879383023,
    1.0960384184148761,
    -0.14277949197618089,
    -0.68288324998334393,
    -0.73738661053024868,
    -0.64564409546105883,
    0.0011391147395188031,
    -0.14890393248374173,
    0.18238558734972632,
    0.41099158360768379,
    0.22705763165021509,
    -0.57222280082637444,
    0.27785800299503438,
    0.17749012769539099,
    0.32982317432506036,
    -0.36475034090840064,
    -0.31533836306347085,
    -0.078978344824684771,
    -0.93522405872791725,
    -0.24237699402302029,
    -0.67509930205476476,
    -0.21229236376360508,
    0.04614909953413715,
    0.68756560003722089,
    -0.31085918902855164,
    0.17058062381290498,
    1.0889345162511064,
    -0.10852201272774718,
    0.015518549833408165,
    -0.41962826664227254,
    0.4762860139576674,
    1.0604911212623176,
    0.033402383364416817,
    0.32061248251763552,
    -0.086353533057040563,
    0.83686152289628757,
    0.34325263247135329,
    -0.0077964627859922267,
    0.22172062731318395,
    0.32443558281143542,
    -0.019556523354025579,
    0.79394211543804738,
    0.59436229703985044,
    -0.43467999137126423,
    0.38350327726421146,
    -0.43442995998021156,
    -0.70749158973013004,
    0.20444940156301911,
    -0.21475517168483618,
    0.11569925106088165,
    -0.30875862112676206,
    -0.91233574191380562,
    0.13196758247703946,
    -0.027165899516873947,
    0.032658266969160125,
    -0.32460010007254042,
    -0.36079285949822998,
    -1.2667253554938456,
    0.73775618377599173,
    0.34307112128158596,
    -0.78853727369197102,
